train_id,train_name,section_id,arrival_time,departure_time,train_priority,day_of_week,is_weekend
T1000,Goods Train,MUM-PUN,00:30,01:15,Medium,0,1
T1001,Garib Rath,AMD-BRC,02:45,03:15,Low,1,0
T1002,Intercity Express,MAS-CBE,00:15,02:45,High,3,0
T1003,Double Decker,BPL-NGP,18:30,21:30,High,6,0
T1004,Double Decker,LKO-CNB,10:30,11:15,Medium,2,0
T1005,Mail Express,MUM-PUN,12:00,13:00,High,2,1
T1006,Jan Shatabdi,DEL-AGR,14:00,15:30,Low,6,1
T1007,Passenger Train,MAS-CBE,11:15,13:45,Low,1,1
T1008,Jan Shatabdi,KOL-PAT,02:15,05:15,Low,3,1
T1009,Jan Shatabdi,DEL-JAI,05:30,06:30,Medium,5,1
T1010,Duronto Express,MUM-PUN,19:15,21:15,High,3,0
T1011,Double Decker,KOL-PAT,20:15,22:45,Medium,6,0
T1012,Garib Rath,HYD-SEC,01:30,03:00,Medium,4,1
T1013,Passenger Train,DEL-JAI,06:45,08:15,High,3,0
T1014,Jan Shatabdi,KOL-PAT,04:15,06:45,Medium,5,0
T1015,Duronto Express,LKO-CNB,18:45,19:45,Medium,4,0
T1016,Double Decker,MUM-PUN,01:00,01:45,High,5,0
T1017,Vande Bharat,MAS-CBE,02:45,04:15,Medium,4,0
T1018,Double Decker,AMD-BRC,00:00,02:30,High,2,1
T1019,Rajdhani Express,DEL-JAI,03:30,05:00,Low,5,1
T1020,Sampark Kranti,KOL-PAT,16:15,18:15,Critical,5,0
T1021,Duronto Express,AMD-BRC,19:15,20:00,Medium,4,1
T1022,Superfast Express,AMD-BRC,00:30,02:00,Low,2,1
T1023,Shatabdi Express,KOL-PAT,07:00,07:45,High,0,1
T1024,Intercity Express,BPL-NGP,02:15,03:00,High,1,0
T1025,Double Decker,AMD-BRC,19:45,20:30,Critical,5,1
T1026,Passenger Train,HYD-SEC,22:30,00:00,Critical,2,0
T1027,Humsafar Express,AMD-BRC,14:00,14:45,Medium,0,0
T1028,Passenger Train,AMD-BRC,07:15,07:45,Low,0,0
T1029,Jan Shatabdi,MUM-PUN,01:30,02:00,Medium,5,0
T1030,Mail Express,HYD-SEC,17:15,19:45,Critical,4,0
T1031,Passenger Train,HYD-SEC,15:45,16:30,Low,3,0
T1032,Passenger Train,LKO-CNB,13:45,16:45,High,5,1
T1033,Sampark Kranti,MUM-PUN,01:45,04:15,Medium,0,0
T1034,Jan Shatabdi,HYD-SEC,06:45,07:30,Medium,3,0
T1035,Intercity Express,MUM-PUN,14:00,14:30,High,6,0
T1036,Garib Rath,MUM-PUN,07:15,08:45,Medium,6,0
T1037,Jan Shatabdi,DEL-AGR,05:45,06:15,Critical,6,1
T1038,Double Decker,BPL-NGP,09:45,12:15,Critical,4,1
T1039,Rajdhani Express,BPL-NGP,04:15,05:15,Medium,4,1
T1040,Vande Bharat,AMD-BRC,01:30,02:00,Low,4,1
T1041,Duronto Express,AMD-BRC,05:00,07:00,Low,0,0
T1042,Superfast Express,MUM-PUN,21:15,22:45,Low,4,0
T1043,Passenger Train,MAS-CBE,19:00,21:00,Low,4,0
T1044,Humsafar Express,AMD-BRC,10:30,11:15,High,1,0
T1045,Double Decker,LKO-CNB,04:30,06:00,Medium,0,0
T1046,Intercity Express,BPL-NGP,19:00,19:30,Medium,2,0
T1047,Vande Bharat,DEL-JAI,02:15,03:15,Medium,6,0
T1048,Jan Shatabdi,KOL-PAT,19:00,21:30,High,5,0
T1049,Duronto Express,CHN-BLR,08:00,08:30,High,2,0
T1050,Sampark Kranti,MAS-CBE,06:30,07:15,High,2,0
T1051,Sampark Kranti,BPL-NGP,08:00,08:30,High,2,0
T1052,Duronto Express,DEL-AGR,10:15,12:45,Critical,5,0
T1053,Shatabdi Express,AMD-BRC,22:45,00:45,Low,5,0
T1054,Tejas Express,AMD-BRC,01:30,03:30,Medium,1,0
T1055,Garib Rath,KOL-PAT,11:00,12:00,Medium,5,0
T1056,Superfast Express,DEL-JAI,17:45,19:45,High,1,1
T1057,Superfast Express,CHN-BLR,05:45,06:15,Low,2,1
T1058,Goods Train,LKO-CNB,21:15,22:15,Low,0,0
T1059,Vande Bharat,DEL-AGR,15:15,16:00,High,2,0
T1060,Humsafar Express,HYD-SEC,07:00,09:30,Low,2,1
T1061,Passenger Train,MUM-PUN,08:30,11:00,Medium,6,0
T1062,Jan Shatabdi,DEL-JAI,00:00,01:00,Low,0,0
T1063,Tejas Express,MAS-CBE,13:30,16:00,High,4,0
T1064,Tejas Express,MUM-PUN,12:15,13:15,Low,0,0
T1065,Passenger Train,AMD-BRC,21:15,22:15,Medium,2,0
T1066,Intercity Express,DEL-JAI,21:00,23:30,Critical,2,1
T1067,Duronto Express,LKO-CNB,10:45,13:15,Medium,1,0
T1068,Tejas Express,LKO-CNB,21:15,23:15,Medium,4,1
T1069,Mail Express,DEL-AGR,09:30,10:15,Medium,4,1
T1070,Intercity Express,DEL-JAI,14:45,16:15,High,3,1
T1071,Passenger Train,CHN-BLR,21:00,22:00,Medium,4,0
T1072,Duronto Express,MUM-PUN,07:30,08:15,High,0,0
T1073,Passenger Train,HYD-SEC,15:00,16:30,Medium,4,0
T1074,Goods Train,LKO-CNB,15:45,16:30,Low,0,1
T1075,Goods Train,MUM-PUN,13:15,14:00,High,4,0
T1076,Duronto Express,DEL-AGR,17:15,20:15,Low,6,0
T1077,Mail Express,AMD-BRC,17:30,20:30,High,6,1
T1078,Vande Bharat,AMD-BRC,13:45,14:30,High,3,0
T1079,Vande Bharat,HYD-SEC,20:30,23:30,High,5,0
T1080,Jan Shatabdi,KOL-PAT,14:00,16:30,Medium,2,0
T1081,Goods Train,AMD-BRC,02:15,03:00,Medium,1,1
T1082,Vande Bharat,HYD-SEC,02:45,04:15,Medium,3,0
T1083,Goods Train,HYD-SEC,13:45,16:45,Medium,0,1
T1084,Jan Shatabdi,MAS-CBE,12:45,13:15,Critical,6,0
T1085,Tejas Express,LKO-CNB,17:15,18:45,Medium,3,0
T1086,Vande Bharat,LKO-CNB,10:45,13:15,Low,1,0
T1087,Rajdhani Express,AMD-BRC,00:45,02:45,Medium,0,1
T1088,Tejas Express,LKO-CNB,04:45,05:30,Low,2,0
T1089,Jan Shatabdi,BPL-NGP,10:30,13:30,High,6,1
T1090,Intercity Express,LKO-CNB,08:00,09:30,Low,0,0
T1091,Rajdhani Express,HYD-SEC,20:00,23:00,Critical,6,0
T1092,Duronto Express,HYD-SEC,06:00,08:00,Low,3,1
T1093,Double Decker,MUM-PUN,18:15,19:45,High,2,0
T1094,Jan Shatabdi,MAS-CBE,19:00,22:00,High,0,0
T1095,Garib Rath,DEL-AGR,09:45,11:15,Critical,0,0
T1096,Double Decker,HYD-SEC,03:30,06:30,High,0,1
T1097,Humsafar Express,MAS-CBE,01:30,03:30,Medium,0,0
T1098,Tejas Express,DEL-JAI,00:45,03:45,Medium,2,1
T1099,Intercity Express,BPL-NGP,22:15,23:45,Low,5,0
T1100,Goods Train,MAS-CBE,17:45,19:15,Medium,4,0
T1101,Garib Rath,DEL-JAI,07:00,08:00,High,6,0
T1102,Sampark Kranti,MAS-CBE,19:45,20:45,Low,2,0
T1103,Jan Shatabdi,BPL-NGP,06:30,09:30,Medium,4,1
T1104,Shatabdi Express,KOL-PAT,17:00,19:00,Critical,1,1
T1105,Goods Train,LKO-CNB,15:15,17:45,Medium,3,0
T1106,Garib Rath,DEL-AGR,02:30,03:15,Medium,2,1
T1107,Tejas Express,MAS-CBE,11:45,13:45,Medium,5,0
T1108,Garib Rath,DEL-JAI,11:45,12:45,Medium,0,1
T1109,Double Decker,HYD-SEC,10:00,12:30,Medium,5,0
T1110,Double Decker,HYD-SEC,06:45,07:45,High,4,0
T1111,Duronto Express,KOL-PAT,03:15,04:15,Medium,2,0
T1112,Intercity Express,AMD-BRC,04:30,05:00,Critical,2,1
T1113,Mail Express,CHN-BLR,20:45,21:15,High,2,0
T1114,Jan Shatabdi,BPL-NGP,14:30,15:15,Critical,6,0
T1115,Passenger Train,MUM-PUN,02:45,04:15,Low,5,0
T1116,Shatabdi Express,CHN-BLR,04:30,05:00,Critical,4,1
T1117,Vande Bharat,LKO-CNB,19:15,22:15,Medium,3,0
T1118,Mail Express,MAS-CBE,13:30,15:30,High,5,0
T1119,Duronto Express,HYD-SEC,20:15,21:15,High,1,0
